state_code,state_name,public_view_url,public_view_status,feed_url,feed_access,reuse_status,launch_status,terms_url,cost_account,rate_limit,verification_level,verified_at,notes,sources
AK,Alaska,https://511.alaska.gov/,official_public_camera_service_confirmed,https://511.alaska.gov/api/v2/get/cameras,documented_api_key_required,developer_integration_invited_full_media_terms_unverified,needs_key_and_terms_review,,Registered account + developer key required; fee not stated in reviewed docs.,10 requests per 60 seconds,official_documentation_or_page; no live camera playback verification,2026-10-03T21:18:00Z,"Official developer API supports apps. Requires registered account and developer key. Documentation checked; no account created or keyed feed called. Views.Url is a camera page, not necessarily a directly embeddable image.","[""https://511.alaska.gov/developers/doc"", ""https://511.alaska.gov/help/endpoint/cameras""]"
AL,Alabama,https://www.algotraffic.com/cameras,"Official free ALGO Traffic public camera website/app, confirmed by ALDOT.",,"No authorized open developer camera feed established. ALGO authentication exists, but login is not evidence of an open API grant.","Restricted: public camera page says cameras are for real-time public safety, not recording/commercial use; unauthorized photography, recording, storage or transmission requires ALDOT permission.",Official viewer link-out only until ALDOT grants recording/transmission/commercial-use permission.,https://www.algotraffic.com/cameras,Public website/app free; third-party use needs ALDOT permission and any applicable agreement. No registration attempted.,,See notes; no universal live playback assertion,2026-10-03,"Do not integrate, archive, or proxy ALGO imagery based solely on discoverable network endpoints. Use official viewer link until permission is obtained. No stream schema verified.","[""https://www.aldot.gov/travel.html"", ""https://www.algotraffic.com/cameras"", ""https://www.aldotnews.org/2024/03/25/algo-traffic-helps-travelers-prepare-for-spring-break-travel/""]"
AR,Arkansas,https://www.idrivearkansas.com/,"Official IDrive Arkansas publicly available, explicitly free.",,No reusable camera feed sought beyond published terms because they expressly prohibit this app-embedding use.,Restricted: prohibits embedding live cameras/site in another website/app; prohibits direct or indirect links to individual cameras and marketing a camera-link app. General IDrive traveler-information homepage link is allowed.,Official homepage link-out only; individual-camera embedding/linking expressly restricted.,https://site.idrivearkansas.com/index.php/policies/camera-terms-of-use,Free public viewing. No general third-party developer authorization; separate permission would be required.,,See notes; no universal live playback assertion,2026-10-03,"Camera owners retain copyright. Screenshots must retain owner logo. Broader acceptable-use policy does not authorize third parties to build similar products, even free ones. Treat as official homepage link-out only unless ARDOT explicitly approves a different arrangement.","[""https://site.idrivearkansas.com/index.php/policies/camera-terms-of-use"", ""https://site.idrivearkansas.com/index.php/policies/acceptable-use""]"
AZ,Arizona,https://www.az511.gov/,official_public_camera_service_confirmed,https://az511.com/api/v2/get/cameras,documented_api_key_required,developer_integration_invited_full_media_terms_unverified,needs_key_and_terms_review,,Registered account + developer key required; fee not stated in reviewed docs.,10 requests per 60 seconds,official_documentation_or_page; no live camera playback verification,2026-10-03T21:18:00Z,"Official developer API supports apps. Requires registered account and developer key. Documentation checked; no account created or keyed feed called. Views.Url is a camera page, not necessarily a directly embeddable image.","[""https://www.az511.gov/developers/doc"", ""https://www.az511.gov/help/endpoint/cameras""]"
CA,California,https://quickmap.dot.ca.gov/,official_public_camera_service_confirmed,https://cwwp2.dot.ca.gov/data/d{district}/cctv/cctvStatusD{district:02}.json,documented_no_key_json,explicit_free_application_integration,implement_and_verify,https://dot.ca.gov/conditions-of-use,Explicitly no charge; no key/account required.,,"Direct HTTP200 across all12 district JSON feeds:3591 records,3395 inService; image fetch approval review cancelled, no media freshness/playback assertion",2026-10-03T21:18:32Z,All12 district files officially documented. Use returned currentImageURL/streamingVideoURL; preserve district-scoped IDs and filter inService. Conditions generally public domain with third-party copyrighted-content exceptions. Live snapshot health separate from catalog timestamp.,"[""https://cwwp2.dot.ca.gov/documentation/cctv/cctv.htm"", ""https://dot.ca.gov/conditions-of-use"", ""https://cwwp2.dot.ca.gov/data/d1/cctv/cctvStatusD01.json""]"
CO,Colorado,https://www.cotrip.org/,official_public_camera_service_confirmed,https://manage-api.cotrip.org/,official_api_portal; registration_requirements_unverified,agreement_or_terms_review_required,needs_portal_review,,Public viewer: no payment apparent. Feed cost/account not verified.,,official_documentation_or_page; no live camera playback verification,2026-10-03T21:18:00Z,Official current state dataset links COtrip API management and developer help. Portal is JS-only in reader; developer help inaccessible in web tool. CDOT confirms 1000+ operational cameras April2026; migration means avoid historical hardcoded URLs.,"[""https://data.colorado.gov/Transportation/CDOT-Real-Time-Data-Feed-XML-/j3ch-zsvz/about_data"", ""https://manage-api.cotrip.org/"", ""https://maps.cotrip.org/help/section/for-developers.html"", ""https://www.codot.gov/news/2026/april-2026-news/statewide-camera-project-starts-march30""]"
CT,Connecticut,https://ctroads.org/,Public CTroads map and camera page; login only needed to customize My Cameras.,,"Current CTroads developer API is documented, but lists only Message Signs, Events and Advisories, not cameras.",Camera reuse unresolved; images are credited to CTDOT and TrafficLand.,Official viewer link only; current public developer API does not list cameras.,,Public viewing available; developer account/key required for the documented non-camera API. Camera feed pricing/access unverified.,,See notes; no universal live playback assertion,2026-10-03,"Important discrepancy: old prod-ct vendor help intro mentions cameras, but does not list a camera resource. Current /developers/doc likewise has no camera resource, so camera API support is not confirmed. CTDOT says it does not record these cameras.","[""https://ctroads.org/"", ""https://ctroads.org/developers/doc"", ""https://prod-ct.ibi511.com/developers/help""]"
DE,Delaware,https://deldot.gov/map/index.shtml?tab=TrafficCameras,Public DelDOT traffic-camera map; official app provides streaming cameras.,http://www.deldot.gov/traffic/data.ejs?type=cam,Legacy official Public XML API document provides a camera inventory endpoint; current endpoint operation could not be verified.,"Legacy documentation allows programmatic B2B/B2G consumption, but current camera redistribution rights not verified.",Official viewer link only; legacy XML endpoint needs validation and reuse clearance.,,Legacy documented feed has no key shown. Current access/price unknown; public app free.,Legacy camera inventory docs: no more often than once per 15 minutes.,See notes; no universal live playback assertion,2026-10-03,"2011-era technical document lists id/location/area/url/latitude/longitude and camera-inventory polling no faster than every 15 minutes. Legacy image example uses webvideoserv.deldot.gov/video.jpg?source=CAM001&framerate=0; this is historical documentation, not a verified current stream. Current ITMS page describes TMC Extranet but does not resolve public camera licensing.","[""https://deldot.gov/map/index.shtml?tab=TrafficCameras"", ""https://bidcondocs.delaware.gov/SHS/SHS_12004CAD_Add4b.pdf"", ""https://deldot.gov/Programs/itms/index.shtml?dc=data"", ""https://delaware.gov/guides/driving-and-transportation/""]"
FL,Florida,https://www.fl511.com/,"Official free FL511 web/app cameras, including streaming-video layer.",,No current statewide public camera API onboarding or endpoint verified. Official embeddable map builder is available.,"Official map embedding is expressly offered, including camera/video layers. Unrestricted extraction or rehosting of camera streams not verified.",Official map embed is a documented launch option; raw-feed integration remains unverified.,,Official viewing/app free. Map embed offered without a stated fee/account requirement. Standalone camera API cost/account unknown.,,See notes; no universal live playback assertion,2026-10-03,"FL511 About explicitly allows inserting the statewide or regional interactive map on a website. Embed builder lists Traffic Cameras and Streaming Video. FDOT has partner video-sharing agreements and DIVAS infrastructure, but those are not evidence of a freely reusable public statewide API. Cloud browser confirmed generated camera-layer embed renders map, clusters and camera popups; no native list/grid observed. Sample Astor Bridge offline. Not equivalent native map/list.","[""https://www.fl511.com/"", ""https://www.fl511.com/about"", ""https://www.fl511.com/Map/EmbeddedMapSetup"", ""https://fdot.gov/traffic/its/fion"", ""https://teo.fdot.gov/architecture/architectures/d5/html/agreements/agreement1.html""]"
GA,Georgia,https://511ga.org/,Official public map/cameras; 511GA services are stated to be entirely free.,https://511ga.org/api/v2/get/cameras,Documented camera API; account and developer key; JSON default or XML.,Developer traffic-app use is explicitly supported; full commercial redistribution conditions not verified.,Use official portal link now; camera API integration after key and reuse-term verification.,,511GA FAQ says all services are free; API documentation requires registered account/key and lists no fee.,10 calls / 60 seconds,See notes; no universal live playback assertion,2026-10-03,"Limit 10 calls/60 seconds. Fields include Id/Source/SourceId/Roadway/Direction/Latitude/Longitude/Location/SortOrder/Views/Name. Official examples have Views.Url such as https://511ga.org/map/Cctv/186, with Status/Description; direct video availability must be tested rather than assumed.","[""https://511ga.org/developers/doc"", ""https://511ga.org/help/endpoint/cameras"", ""https://511ga.org/about/faq"", ""https://511ga.org/about/about""]"
HI,Hawaii,https://www.goakamai.org/cameras/,official_public_camera_service_confirmed,,no_documented_bulk_feed_found,unverified,needs_feed_and_permission,,Public viewer: no payment apparent. Feed cost/account not verified.,,official_documentation_or_page; no live camera playback verification,2026-10-03T21:18:00Z,"State Hawaii.gov links GoAkamai cameras. Primarily Oahu, not verified statewide all-island coverage. No public integration agreement/API documented in reviewed official sources.","[""https://portal.ehawaii.gov/visitors/getting-around/"", ""https://www.goakamai.org/"", ""https://www.goakamai.org/cameras/""]"
IA,Iowa,https://511ia.org/,Official Iowa 511 public images/video.,https://services.arcgis.com/8lRhdTsQyJpO52F1/arcgis/rest/services/Traffic_Cameras_View/FeatureServer/0,Official DOT-linked ArcGIS dataset is credential-free; layer metadata and one-feature query returned HTTP 200. Alternative CCTV XML requires vendor account.,Explicit CC BY4.0 camera dataset plus official integrator guidance supports public display of DOT-owned feeds. Enable only ORG=IADOT with DOT-hosted media and attribution; no signup needed.,"Enable native snapshot integration for IADOT records with CC BY4.0 attribution, per-view IDs, coordinate validation, daily inventory refresh and returned DOT-hosted image URLs.",https://iowadot.gov/policies-statements/terms-use,ArcGIS feed explicitly needs no credentials and has no listed fee. XML access requested through Castle Rock. No accounts created.,,See notes; no universal live playback assertion,2026-10-03,"ArcGIS inventory refresh described as daily; queried sample updated 2026-10-02. Official May 28, 2026 advisory expressly guides media partners and data integrators to this open-data service for current image/video URLs after migration; do not hardcode old video domains. Current GIS terms were found at relocated URL and reviewed; original linked URL was stale. Metadata license is CC BY 4.0, even though site also provides a separate CC0 category. No media playback tested. Follow-on2026-10-03:1260 views, all currently IADOT; three sample JPEGs HTTP200 and visually verified. Video playback untested. See followup_verification for source evidence.","[""https://iowadot.gov/travel-tools/iowa-511/511-data-feeds"", ""https://data.iowadot.gov/datasets/c4063f200a7b4da5826e2ac86c677cf5_0/explore"", ""https://www.arcgis.com/sharing/rest/content/items/c4063f200a7b4da5826e2ac86c677cf5?f=json"", ""https://services.arcgis.com/8lRhdTsQyJpO52F1/arcgis/rest/services/Traffic_Cameras_View/FeatureServer/0"", ""https://iowadot.gov/policies-statements/terms-use"", ""https://iowadot.gov/news/2026-05-28/media-advisory-iowa-dot-updates-traffic-camera-video-system-data-feed-usersdevelopers""]"
ID,Idaho,https://511.idaho.gov/,official_public_camera_service_confirmed,https://511.idaho.gov/api/v2/get/cameras,documented_api_key_required,developer_integration_invited_full_media_terms_unverified,needs_key_and_terms_review,,Registered account + developer key required; fee not stated in reviewed docs.,10 requests per 60 seconds,official_documentation_or_page; no live camera playback verification,2026-10-03T21:18:00Z,"Official developer API supports apps. Requires registered account and developer key. Documentation checked; no account created or keyed feed called. Views.Url is a camera page, not necessarily a directly embeddable image.","[""https://511.idaho.gov/developers/doc"", ""https://511.idaho.gov/help/endpoint/cameras""]"
IL,Illinois,https://travelmidwest.com/,IDOT Gateway/Travel Midwest public regional camera viewer; coverage includes multiple agencies and is not a guarantee of every Illinois road.,https://travelmidwest.com/About/Policies,"Documented application-based XML/JPEG distribution; exact downloads available after approved registration, not tested.","Explicit conditional reuse program, with registration and IDOT policy. Non-IDOT cameras remain subject to their originating agencies' rules.",Integrate only after approved free registration/agreement; obey five-minute polling and source-specific restrictions.,https://travelmidwest.com/About/InfoReusePolicy,"Official policy says downloads currently available without charge to individuals, organizations and companies; registration required and updated at least annually.",,See notes; no universal live playback assertion,2026-10-03,"Access each XML feed and each image no more than once every 5 minutes. Preserve data, display required IDOT attribution/logo, and link policy in transmissions. IDOT may require a signed agreement or terminate access. This program documents JPEG snapshots; contact source agency for video. No endpoint fields verified.","[""https://travelmidwest.com/About/Policies"", ""https://travelmidwest.com/About/InfoReusePolicy"", ""https://travelmidwest.com/Help/FAQs""]"
IN,Indiana,https://511in.org/,Official INDOT Trafficwise public map and camera list.,https://content.trafficwise.org/cctv/,Public still-image directory verified. Official INDOT CARS-Hub also documents CCTV XML at https://inhub.carsprogram.org/data/cctv.xml ; vendor access request supplies login/password.,Public technical access established; camera redistribution/commercial use license not verified.,Link out pending reuse approval and healthy metadata feed; public JPEG directory alone insufficient.,,"Public viewing and image directory require no account; XML account requested through Castle Rock. No feed fee found, but free reuse not established.",,See notes; no universal live playback assertion,2026-10-03,"Host states images update every 2 minutes. Important health issue: https://content.trafficwise.org/json/cctv.json returned HTTP 200 with zero bytes on 2026-10-03, so do not depend on that metadata file. No bulk camera download performed.","[""https://www.in.gov/indot/about-indot/indots-most-frequently-asked-questions-faq/"", ""https://511in.org/help/section/how-to-view-list-event-information.html"", ""https://content.trafficwise.org/"", ""https://content.trafficwise.org/cctv/"", ""https://content.trafficwise.org/json/"", ""https://inhub.carsprogram.org/"", ""https://www.castlerockits.com/xml-data-feeds""]"
KS,Kansas,https://www.kandrive.gov/,Official KanDrive website and free KDOT app provide camera views/footage.,https://ks.carsprogram.org/hub,Official KDOT CARS-Hub index directs access requests to KDOT#KanDrive.Contact@ks.gov. Camera-specific endpoint not shown in inspected catalog; vendor lists Kansas among credentialed XML systems.,Camera reuse license and a current supported camera feed are unverified; request them from KDOT.,Link out; request camera feed and terms from KDOT.,,Free public app confirmed. Feed account requirements/cost must be confirmed with KDOT; no account created.,,See notes; no universal live playback assertion,2026-10-03,Hub redirected to an HTTP host kscars.kandrive.gov. Do not treat work-zone or truck-parking APIs as proof of a camera API. No camera field schema verified.,"[""https://www.kandrive.gov/"", ""https://www.ksdot.gov/projects/southwest-kansas-projects/u-s-83-advanced-technology/new-features-on-kandrive"", ""https://apps.apple.com/us/app/kandrive/id1537865653"", ""https://ks.carsprogram.org/hub"", ""https://www.castlerockits.com/xml-data-feeds""]"
KY,Kentucky,https://goky.ky.gov/,"Official GoKY public traffic/weather cameras, confirmed by KYTC.",https://kygisserver.ky.gov/arcgis/rest/services/WGS84WM_Services/Ky_WebCams_WGS84WM/MapServer/0,"Public ArcGIS camera feature layer with JSON/GeoJSON queries, metadata and a one-record query verified without credentials. Max record count 1000; pagination supported.",Public camera dataset exists but no explicit redistribution/commercial license established. Dataset includes internal and external sources; verify media owners' rights.,Link out or inventory-only research; public ArcGIS layer may be stale and media license unresolved.,,Public GoKY/ArcGIS read access needs no account and has no posted fee; reuse permission remains separate.,,See notes; no universal live playback assertion,2026-10-03,Service description says snapshots refresh at varying source-specific intervals. Contact kytc.gis.support@KY.Gov for dataset questions. Not proven to match current GoKY inventory.,"[""https://goky.ky.gov/"", ""https://transportation.ky.gov/Pages/SNIC-Resources.aspx"", ""https://kygisserver.ky.gov/arcgis/rest/services/WGS84WM_Services/Ky_WebCams_WGS84WM/MapServer"", ""https://kygisserver.ky.gov/arcgis/rest/services/WGS84WM_Services/Ky_WebCams_WGS84WM/MapServer/0""]"
LA,Louisiana,https://www.511la.org/cctv,Official LADOTD 511LA public camera page and free apps.,https://511la.org/api/v2/get/cameras,"Documented JSON/XML camera API, developer key and registered account required. Ten calls per 60 seconds. Keyed requests not tested.",Official API explicitly supports developers making traffic apps; a separate blanket copyright/redistribution license or commercial-use terms were not located in the reviewed pages.,Developer integration candidate after account/key and reuse-term confirmation.,,Public viewing/free apps confirmed; API docs list account/key with no fee. Exact API pricing and approval terms not explicitly verified.,,See notes; no universal live playback assertion,2026-10-03,Documentation: https://www.511la.org/help/endpoint/cameras . No media playback tested or API key requested.,"[""https://www.511la.org/cctv"", ""https://511la.org/developers/doc"", ""https://www.511la.org/help/endpoint/cameras""]"
MA,Massachusetts,https://www.mass511.com/list/cameras,Public Mass511 cameras; free official app also offers camera views.,https://www.mass.gov/info-details/highway-data-for-developers,MassDOT directs developers to TrafficLand at sales@trafficland.com for a unique camera API feed.,Conditional partner access; request-specific TrafficLand license/access needed; no unrestricted redistribution grant verified.,"Use official portal link now; obtain TrafficLand camera access, price and license.",,Public viewer/app free. Current official camera API paragraph does not state a price. Do not apply the page's free GoTime travel-times claim to camera imagery.,,See notes; no universal live playback assertion,2026-10-03,"Official camera API delivers JPEG imagery at one frame per 120 seconds. TrafficLand generic API documentation requires system/key query parameters, uses rotating pubtoken image URLs and recommends refreshing feed metadata every 30 minutes. Stream access is separately arranged.","[""https://www.mass.gov/info-details/highway-data-for-developers"", ""https://www.mass511.com/list/cameras"", ""https://api.trafficland.com/docs"", ""https://www.mass.gov/news/massdot-mapfre-insurance-reminder-highway-assistance-program-helps-with-busy-summer-travel""]"
MD,Maryland,https://www.chart.maryland.gov/TrafficCameras/GetTrafficCameras,Public CHART live-camera viewer.,https://chart.maryland.gov/DataFeeds/GetDataFeeds,Official CHART camera feed documentation provides Open JSON/XML controls. Also public MD iMAP camera ArcGIS REST layer.,Public feed publication verified; broad commercial video redistribution license not established. GIS dataset as-is license disclaimer is not proof of a video license.,"Prototype from documented public feed; confirm video reuse terms, exact endpoint and freshness before production.",https://catalog.data.gov/dataset/md-imap-maryland-traffic-cameras-traffic-cameras-chart,No key/payment described for CHART public feeds or ArcGIS layer; live feed response not tested.,,See notes; no universal live playback assertion,2026-10-03,"CHART fields include publicVideoURL, id/name/description, lat/lon, opStatus, lastCachedDataUpdateTime and route fields. Alternative ArcGIS layer exposes location/county/feedID/url/iframe/lat/long; MaxRecordCount 550 with pagination support. Dataset inventory may lag current operations.","[""https://www.chart.maryland.gov/TrafficCameras/GetTrafficCameras"", ""https://chart.maryland.gov/DataFeeds/GetDataFeeds"", ""https://mdgeodata.md.gov/imap/rest/services/Transportation/MD_TrafficCameras/MapServer/0"", ""https://catalog.data.gov/dataset/md-imap-maryland-traffic-cameras-traffic-cameras-chart""]"
ME,Maine,https://www.newengland511.org/cctv,Public camera directory/map; ordinary viewing does not require an account.,,No current official camera API endpoint or developer onboarding verified.,"Unresolved for redistribution: state terms address downloading, storing and using traveler-information feeds, but a current camera-specific redistribution grant was not established.",Official viewer link only; current supported camera API and redistribution permission unverified.,https://www.newengland511.org/Cms/GetFile?id=84eb37e4-680f-ed11-ab23-0231beac5abc.133035770708130000,Public viewing free; optional My511 account for saved cameras/routes. Programmatic access price/account requirements unverified.,,See notes; no universal live playback assertion,2026-10-03,"Shared Maine/NH/VT portal. State-specific terms say data is as-is, access may be terminated, and transaction limits may change. No published fixed polling limit located.","[""https://www.newengland511.org/cctv"", ""https://www.newengland511.org/about/faq"", ""https://www.newengland511.org/Cms/GetFile?id=84eb37e4-680f-ed11-ab23-0231beac5abc.133035770708130000"", ""https://www.maine.gov/portal/visitors/highways.html""]"
MI,Michigan,https://mdotjboss.state.mi.us/MiDrive/cameras?county=&route=,Official Mi Drive public camera map/list. MDOT confirms live viewing; images are not continuously recorded.,,"No documented public camera API verified. MDOT RIDE is an official real-time API with MiLogin for Business access, but its public dataset list names DMS, parking, work zones, and events, not cameras.",Camera redistribution/commercial-app permission not verified; obtain camera-specific authorization from MDOT rather than treating RIDE or public viewing as permission.,Link out to official viewer; supported camera API and reuse permission unresolved.,https://www.michigan.gov/mdot/about/mi-drive-disclaimer,Public viewer has no advertised fee or required account; camera API cost/account unknown. RIDE requires MiLogin for Business.,,See notes; no universal live playback assertion,2026-10-03,Mi Drive disclaimer gives no uptime/accuracy warranty. RIDE contact: MDOT-ITS-Data@Michigan.gov. No endpoint fields or image URL pattern verified.,"[""https://www.michigan.gov/mdot/about/mi-drive-disclaimer"", ""https://mdotjboss.state.mi.us/MiDrive/cameras?county=&route="", ""https://www.michigan.gov/mdot/travel/safety/efforts/its/its-data""]"
MN,Minnesota,https://511mn.org/,"Official MnDOT 511 public camera map/list, JavaScript required.",https://mn.carsprogram.org/hub,Official state-branded CARS-Hub and vendor-requested credentials verified. Camera-specific statewide feed endpoint not verified; current hub index contains event/weather/message feeds but no explicit CCTV link.,Camera reuse license not verified; general CARS data distribution is not sufficient evidence for live image/video redistribution.,Link out; supported statewide camera feed and reuse permission unresolved.,,Public viewing has no advertised charge. CARS access requires requested login/password; camera feed availability and cost need confirmation.,,See notes; no universal live playback assertion,2026-10-03,Do not confuse IRIS Mayfly vehicle-detector archive with camera imagery. Third-party references to older tr.511mn.org endpoints were not accepted as current supported API evidence. No camera field schema or stream format verified.,"[""https://511mn.org/"", ""https://511mn.org/help/index.html"", ""https://mn.carsprogram.org/hub"", ""https://www.castlerockits.com/xml-data-feeds"", ""https://iris.dot.state.mn.us/mayfly/""]"
MO,Missouri,https://www.modot.org/closed-circuit-cameras,Official MoDOT page confirms real-time public Gateway Guide views/video for St. Louis. This entry does not establish comprehensive statewide coverage.,,No open documented camera API verified. External partners can request CCTV access from MoDOT Highway Safety and Traffic Division.,Streams may be shared with partners for transportation purposes on request. Public/commercial app redistribution requires clarification/agreement; public viewing is not blanket reuse permission.,Link out; request partner agreement/feed for integration.,https://epg.modot.org/index.php/910.6_Closed_Circuit_Television_%28CCTV%29_Systems,No public viewer charge identified; partner access cost and credentials unknown.,,See notes; no universal live playback assertion,2026-10-03,Official engineering policy limits camera use to transportation-related purposes; public camera page says local media obtain views through agreements. No image/stream schema verified.,"[""https://www.modot.org/closed-circuit-cameras"", ""https://epg.modot.org/index.php/910.6_Closed_Circuit_Television_%28CCTV%29_Systems"", ""https://ops.fhwa.dot.gov/travelinfo/resources/datashare/app2mdot.htm""]"
MS,Mississippi,https://www.mdottraffic.com/default.aspx?showMain=true,"Official MDOTtraffic map, camera layer/list and guest access.",,Footer has an API label but the parsed link did not expose a usable documentation target; no documented camera endpoint verified.,"Portal terms grant limited noncommercial use and instruct commercial users to contact the MDOT CIO. General state information is described as public domain, but copyrighted photos/third-party materials can require permission. Camera-media license therefore needs confirmation.",Link out; commercial use and camera-feed authorization unresolved.,https://mdot.ms.gov/documents/Administration/TermsOfUse.pdf,Public guest viewing has no advertised fee. API credentials/cost and commercial terms unknown.,,See notes; no universal live playback assertion,2026-10-03,Terms require use only in the manner MDOT permits; attribution is requested where feasible. Do not infer that all MDOTtraffic images are freely reusable from the broad public-domain paragraph.,"[""https://www.mdottraffic.com/default.aspx?showMain=true"", ""https://mdot.ms.gov/documents/Administration/TermsOfUse.pdf""]"
MT,Montana,https://app.mdt.mt.gov/atms/public/cameras,official_public_camera_service_confirmed,https://www.mdt.mt.gov/other/webdata/external/rrs/roadinfo/RWIS_output.xml,official_legacy_xml_broken; current_api_blocked,unverified,needs_current_feed_and_permission,https://www.mdt.mt.gov/mdt/terms-of-use.aspx,Public viewer: no payment apparent. Feed cost/account not verified.,,official_documentation_or_page; no live camera playback verification,2026-10-03T21:18:00Z,Official data feeds page links RWIS XML but URL redirects to404 search. Current app public camera summaries work in reader. ATMS API path returned Page Not Served. No bypass attempted; terms disclaimers alone not affirmative redistribution license.,"[""https://www.mdt.mt.gov/mdt/rss.aspx"", ""https://app.mdt.mt.gov/atms/public/cameras"", ""https://www.mdt.mt.gov/travinfo/weather/rwis-list.aspx"", ""https://www.mdt.mt.gov/mdt/terms-of-use.aspx""]"
NC,North Carolina,https://www.drivenc.gov/map,Public DriveNC map/cameras; account optional for personalization.,https://www.drivenc.gov/api/v2/get/cameras,Current official keyed camera API; registered account required to request developer key; JSON default or XML.,API explicitly intended for developer traffic apps; full redistribution/commercial terms not located.,Use official portal link now; camera API integration after key and cost/reuse-term verification.,,Public viewing free/account optional. No developer API price stated in reviewed docs; key/account required.,10 calls / 60 seconds,See notes; no universal live playback assertion,2026-10-03,"Limit 10 calls/60 sec. Metadata has Id/Source/SourceId/Roadway/Direction/Latitude/Longitude/Location/SortOrder/Views/County. Views contain Url, Status, Description, VideoUrl. Documentation sample URLs are a staging host and sample VideoUrl is blank; do not ship those sample URLs or assume every camera has video.","[""https://www.drivenc.gov/map"", ""https://www.drivenc.gov/developers/doc"", ""https://www.drivenc.gov/help/endpoint/cameras""]"
ND,North Dakota,https://travel.dot.nd.gov/,official_public_camera_service_confirmed,https://travelfiles.dot.nd.gov/geojson_nc/cameras.json,documented_no_key_geojson_but_restricted,prior_written_consent_required_for_public_app,permission_required,https://www.dot.nd.gov/construction-and-planning/planning-process/gis-and-mapping/web-map-services,Public viewer free; written permission needed for proposed reuse.,No faster than5minutes; ETL-only.,official_documentation_or_page; no live camera playback verification,2026-10-03T21:18:00Z,"GeoJSON only for ETL, not direct consumption in public-facing apps. Minimum5min polling. General terms limit to individual noncommercial informational use and prohibit systematic collection without written consent. Official viewer150+ cameras. DO NOT enable by merely proxying GeoJSON.","[""https://www.dot.nd.gov/construction-and-planning/planning-process/gis-and-mapping/web-map-services"", ""https://www.dot.nd.gov/nddot-mobile-apps""]"
NE,Nebraska,https://511.nebraska.gov/,"Official NDOT 511 public highway camera map/list, linked by NDOT travel page.",https://ne.carsprogram.org/hub,"Official Nebraska state-branded CARS-Hub verified; vendor offers requested login/password. Its inspected catalog lacks a CCTV entry, so camera-specific feed availability is not established.",Camera reuse license not verified; obtain camera-specific feed/redistribution terms from NDOT/vendor.,Link out; request camera feed and terms from NDOT/vendor.,https://dot.nebraska.gov/policies-and-disclaimers/privacy-policy-and-terms-of-use/,"No public-viewer fee identified; requested XML credentials, camera coverage and cost unknown.",,See notes; no universal live playback assertion,2026-10-03,The NDOT terms URL was found in the official app listing but failed to render in research tool. Do not apply unrelated Nebraska.gov paid-record subscription terms to camera access. No camera schema or media pattern verified.,"[""https://dot.nebraska.gov/travel/"", ""https://511.nebraska.gov/"", ""https://new.511.nebraska.gov/list/cameras"", ""https://ne.carsprogram.org/hub"", ""https://www.castlerockits.com/xml-data-feeds"", ""https://dot.nebraska.gov/policies-and-disclaimers/privacy-policy-and-terms-of-use/""]"
NH,New Hampshire,https://www.newengland511.org/cctv,Public camera directory/map; ordinary viewing does not require an account.,,No current official camera API endpoint or developer onboarding verified.,"Unresolved for redistribution: state terms address downloading, storing and using traveler-information feeds, but a current camera-specific redistribution grant was not established.",Official viewer link only; current supported camera API and redistribution permission unverified.,https://www.newengland511.org/Cms/GetFile?id=e40123ef-680f-ed11-ab23-0231beac5abc.133035770891370000,Public viewing free; optional My511 account for saved cameras/routes. Programmatic access price/account requirements unverified.,,See notes; no universal live playback assertion,2026-10-03,"Shared Maine/NH/VT portal. State-specific terms say data is as-is, access may be terminated, and transaction limits may change. No published fixed polling limit located.","[""https://www.newengland511.org/cctv"", ""https://www.newengland511.org/about/faq"", ""https://www.newengland511.org/Cms/GetFile?id=e40123ef-680f-ed11-ab23-0231beac5abc.133035770891370000"", ""https://www.newengland511.org/Home/""]"
NJ,New Jersey,https://511nj.org/,NJDOT explicitly advertises public statewide camera viewing; direct portal fetch returned HTTP 403 in this research.,,No current officially documented camera API verified.,Redistribution rights unverified.,Official viewer link only; current supported camera API and redistribution permission unverified.,,Official public viewing free; API account/pricing unknown.,,See notes; no universal live playback assertion,2026-10-03,NJDOT public guidance says camera stills refresh approximately every 30 seconds; newer NJDOT release confirms mobile camera support. References to JSON feeds in a 2019 release do not establish that those feeds include cameras.,"[""https://www.nj.gov/transportation/commuter/511/web.shtm"", ""https://www.nj.gov/transportation/commuter/motoristassistance/511nj.shtm"", ""https://www.nj.gov/transportation/about/press/2019/070219.shtm"", ""https://511nj.org/""]"
NM,New Mexico,https://www.nmroads.com/default.html,official_public_camera_service_confirmed,,no_documented_bulk_feed_found,unverified,needs_feed_and_permission,,Public viewer: no payment apparent. Feed cost/account not verified.,,official_documentation_or_page; no live camera playback verification,2026-10-03T21:18:00Z,Official NMRoads camera and RWIS layers confirmed. No supported integration API or redistribution terms verified. Contributing third-party content noted in mobile disclaimer.,"[""https://www.nmroads.com/default.html"", ""https://www.nmroads.com/NMRoadsPublicUserGuide.pdf"", ""https://m.nmroads.com/"", ""https://www.dot.nm.gov/highway-operations-program/operations-support-division-director/intelligent-transportation-systems/""]"
NV,Nevada,https://www.nvroads.com/,official_public_camera_service_confirmed,https://www.nvroads.com/api/v2/get/cameras,documented_api_key_required,developer_integration_invited_full_media_terms_unverified,needs_key_and_terms_review,,Registered account + developer key required; fee not stated in reviewed docs.,10 requests per 60 seconds,official_documentation_or_page; no live camera playback verification,2026-10-03T21:18:00Z,"Official developer API supports apps. Requires registered account and developer key. Documentation checked; no account created or keyed feed called. Views.Url is a camera page, not necessarily a directly embeddable image.","[""https://www.nvroads.com/developers/doc"", ""https://www.nvroads.com/help/endpoint/cameras""]"
NY,New York,https://www.511ny.org/cctv,"Official public camera directory; FAQ explains public viewing. Some page extraction returned an FOUO/UCI banner, so only explicitly public API cameras should be used.",https://prod-ny.ibi511.com/api/getcameras?key={key}&format={format},"Documented JSON/XML GetCameras API; account, developer application, acceptable-use approval and key.","Developer agreement permits redistribution, enhancement and repackaging while preserving source integrity; approval and branding requirements apply.",Use official portal link now; API integration after approved key and agreement.,https://511ny.org/developers/daa,"Developer service explicitly free, including general public and commercial vendors; registered account and approved API key required.",10 calls / 60 seconds,See notes; no universal live playback assertion,2026-10-03,"Limit 10 calls per 60 seconds. Docs expose image Url and VideoUrl, coordinates, roadway/direction and disabled/blocked flags. Canonical site has newer camera-view docs; cited vendor endpoint is the verified older documented GetCameras contract. No live authenticated response tested.","[""https://www.511ny.org/developers/resources"", ""https://511ny.org/developers/doc"", ""https://prod-ny.ibi511.com/developers/help/api/get-api-getcameras_key_format"", ""https://prod-ny.ibi511.com/developers/daa"", ""https://511ny.org/help/subendpoint/cameras"", ""https://511ny.org/Faq""]"
OH,Ohio,https://www.ohgo.com/,"Official public OHGO map/app, available without an API account.",https://publicapi.ohgo.com/api/v1/cameras,"Documented REST API; registration and API key required; metadata docs and OpenAPI schema verified, keyed endpoint not called.","Explicit public-domain statement for ODOT data on official API introduction, subject to API terms and any separately owned material.",API integration candidate after user-authorized account/key setup; public-domain data statement verified.,https://publicapi.ohgo.com/docs/terms-of-use,API explicitly free; register email/password for a key. No account created.,,See notes; no universal live playback assertion,2026-10-03,"Terms describe discretionary per-key rate limits; 25 requests/second is only an example, not a guaranteed quota. Service may be changed or revoked. Documentation: https://publicapi.ohgo.com/docs/v1/cameras ; OpenAPI: https://publicapi.ohgo.com/docs/v1/swagger.json .","[""https://www.ohgo.com/"", ""https://publicapi.ohgo.com/"", ""https://publicapi.ohgo.com/docs/terms-of-use"", ""https://publicapi.ohgo.com/docs/registration"", ""https://publicapi.ohgo.com/docs/v1/swagger.json""]"
OK,Oklahoma,https://oktraffic.org/,Oklahoma DOT's official current-traffic page links directly to OKTraffic live traffic cameras.,,No official documented camera API/feed verified in this pass.,"Public viewing confirmed; reuse, embedding, caching, and commercial permissions unknown.",Link out; documented API and reuse permission unresolved.,,No public-viewing fee identified; developer account/key/cost unknown.,,See notes; no universal live playback assertion,2026-10-03,"Use official viewer link pending ODOT feed and reuse clarification. No camera fields, refresh limits or media formats verified.","[""https://oklahoma.gov/odot/travel/traffic/current-traffic-conditions.html"", ""https://oklahoma.gov/content/dam/ok/en/odot/programs-and-projects/programs/transportation-programs/lrtp/lrp-2025-2050/resources/final-plan/2050%20Oklahoma%20Long%20Range%20Transportation%20Plan.pdf""]"
OR,Oregon,https://www.tripcheck.com/,official_public_camera_service_confirmed,https://www.tripcheck.com/Scripts/map/data/cctvinventory.js,Verified no-key public camera JS inventory for static snapshots; official XML/JSON API separately requires subscription key.,"Explicit TripCheck FAQ permits business/organization reuse of data/images found on TripCheck, with ODOT attribution and intact credits; limited here to TripCheck-hosted static snapshots.","Enable static-snapshot native integration using public inventory; exclude invalid coordinates, TrafficLand video and external media.",https://www.tripcheck.com/Pages/Frequently-Asked-Questions,API account/subscription key needed; fee not stated in examined docs.,No formal quota established; follow observed inventory cadence daily and snapshot refresh5minutes.,"No-key inventory HTTP200;1161 unique views,1160 valid coordinate records; one snapshot HTTP200 and visually current. Includes neighboring-state cameras; do not label every view Oregon or ODOT-owned.",2026-10-03T21:32:13Z,"Official FAQ permits businesses/private citizens/organizations using data/images; credit Camera courtesy of ODOT. API CCTV inventory includes imageURL, refresh24h; most camera images5min. Signup+subscription key and explicit terms required for API. No signup performed. Follow-on2026-10-03:1161 unique publishedImageIds; one invalid coordinate. Explicit image reuse grant has no discovered partner-image exception; preserve credits. Exact schema in follow-on evidence.","[""https://www.tripcheck.com/Pages/API"", ""https://www.tripcheck.com/Pages/Frequently-Asked-Questions"", ""https://www.tripcheck.com/pdfs/TripCheckAPI_Getting_Started_GuideV5.pdf"", ""https://www.tripcheck.com/Scripts/map/data/cctvinventory.js"", ""https://www.tripcheck.com/DynamicReports/Report/Cameras""]"
PA,Pennsylvania,https://www.511pa.com/,Public 511PA map/camera directory.,https://www.pa.gov/services/penndot/request-access-to-transportation-related-data-feeds,Request feed access from PennDOT; traffic video additionally requires Non-Exclusive Video Sharing License Agreement.,Conditional redistribution allowed under data terms; traffic-camera images only for showing current traffic unless other use approved in writing. Additional video agreement required.,Use official portal link now; obtain video agreement and confirm delivery costs before integration.,https://www.pa.gov/content/dam/copapwp-pagov/en/penndot/documents/programs-and-doing-business/onlineservices/511pa_developers_corner-tcs.pdf,"No PennDOT data-feed charge, but streaming users pay their access bandwidth. Linked technical PDF describes network/setup costs; confirm current delivery method.",,See notes; no universal live playback assertion,2026-10-03,"Attribution required; multi-user applications must replicate feed data to their own servers to reduce PennDOT load, preserve source integrity and avoid hiding sponsorship overlays. Linked technical guide describes RTSP streams or updating HTTP stills plus a Business Partner Network connection; verify whether that guide reflects current onboarding.","[""https://www.pa.gov/services/penndot/request-access-to-transportation-related-data-feeds"", ""https://www.pa.gov/content/dam/copapwp-pagov/en/penndot/documents/programs-and-doing-business/onlineservices/511pa_developers_corner-tcs.pdf"", ""https://www.pa.gov/content/dam/copapwp-pagov/en/penndot/documents/programs-and-doing-business/onlineservices/technical_requirements_to_access_video-final.pdf"", ""https://www.511pa.com/""]"
RI,Rhode Island,https://dot.ri.gov/travel/,Public RIDOT live-camera directory by region; no login/payment shown.,,No official public camera API documentation located.,Redistribution permission not verified.,Official viewer link only; current supported camera API and redistribution permission unverified.,,Public viewing available without login/payment; API costs/account requirements unknown.,,See notes; no universal live playback assertion,2026-10-03,"RIDOT says cameras operate live only and do not store or record data. No camera inventory schema, image endpoint contract or polling limits verified.","[""https://dot.ri.gov/travel/"", ""https://dot.ri.gov/about/help.php""]"
SC,South Carolina,https://www.511sc.org/,Free official 511SC public live cameras; account optional for favorites/alerts.,,No current official public camera API verified.,Redistribution permission not verified.,Official viewer link only; current supported camera API and redistribution permission unverified.,,Public web/app viewing free; API price/account unknown.,,See notes; no universal live playback assertion,2026-10-03,"SCDOT explicitly links 511SC for traffic cameras. The available official KML road-condition web service describes road events, not a camera feed, so it is not treated as camera API evidence. SCDOT says its camera stream is real-time with no images stored.","[""https://www.511sc.org/"", ""https://www.511sc.org/static/tools.html"", ""https://www.scdot.org/popular.html"", ""https://www.scdot.org/inside/freedom-of-information-act.html"", ""https://www.scdot.org/travel/travel-roadconditions.html""]"
SD,South Dakota,https://www.sd511.org/,official_public_camera_service_confirmed,,no_current_documented_bulk_feed_verified,unverified,needs_feed_and_permission,,Public viewer: no payment apparent. Feed cost/account not verified.,,official_documentation_or_page; no live camera playback verification,2026-10-03T21:18:00Z,"Official SD511 help documents camera viewer and optional free account for favorites. A historical ArcGIS camera item was found, not accepted as current feed without owner/terms verification.","[""https://www.sd511.org/static/help.html"", ""https://www.sd511.org/""]"
TN,Tennessee,https://smartway.tn.gov/allcams?region=All+Regions,Official TDOT SmartWay public camera images and streaming video.,,No current documented public camera API verified. TDOT SmartWay event ArcGIS service exists but it is not a camera feed.,Public viewing established; statewide camera redistribution or commercial-use permission not verified. Historical SmartView partner agreements are not a blanket public-app license.,Link out; camera API and reuse permission unresolved.,,No viewer charge/account requirement advertised; site warns streaming can affect mobile data charges. Developer-feed terms/cost unknown.,,See notes; no universal live playback assertion,2026-10-03,Avoid unverified third-party claims of a generic SmartWay /cameras/list REST API. ITS contact is TDOT.TrafficDesign.ITS@tn.gov. No endpoint fields or media path patterns verified.,"[""https://smartway.tn.gov/allcams?region=All+Regions"", ""https://www.tn.gov/tdot/traffic-design/intelligent-transportation-systems.html"", ""https://spatial.tdot.tn.gov/ArcGIS/rest/services/Smartway"", ""https://www.arcgis.com/home/item.html?id=4cd31ac0b85348efa494a1636a2af75f""]"
TX,Texas,https://www.txdot.gov/discover/live-traffic-cameras.html,official_public_camera_service_confirmed,,regional_camera_systems; no_supported_statewide_camera_api_verified,unverified,needs_camera_feed_and_permission,,Public viewer: no payment apparent. Feed cost/account not verified.,,official_documentation_or_page; no live camera playback verification,2026-10-03T21:18:00Z,"Official TxDOT page links25 metro/district camera systems. DriveTexas documented API serves road conditions, NOT evidence of camera feed. TxDOT CCTV ArcGIS inventory found but media coverage/reuse not verified. Need district/TranStar permissions and schemas.","[""https://www.txdot.gov/discover/live-traffic-cameras.html"", ""https://api.drivetexas.org/api-docs"", ""https://maps.txdot.gov/createags/rest/services/Hosted/CCTV_Point/FeatureServer""]"
UT,Utah,https://udottraffic.utah.gov/cctv,official_public_camera_service_confirmed,https://www.udottraffic.utah.gov/api/v2/get/cameras,documented_api_key_required,developer_integration_invited_full_media_terms_unverified,needs_key_and_terms_review,https://udottraffic.utah.gov/about/disclaimer,Registered account + developer key required; fee not stated in reviewed docs.,10 requests per 60 seconds,official_documentation_or_page; no live camera playback verification,2026-10-03T21:18:00Z,"Official developer API supports apps. Requires registered account and developer key. Documentation checked; no account created or keyed feed called. Views.Url is a camera page, not necessarily a directly embeddable image. Utah has existing app and public ArcGIS alternative; existing provider reuse terms still need review. Utah.gov general terms permit unchanged personal/informational copying/distribution unless restricted; no warranty against third-party rights. UDOT camera-specific redistribution terms not found.","[""https://udottraffic.utah.gov/developers/doc"", ""https://udottraffic.utah.gov/help/endpoint/cameras"", ""https://udottraffic.utah.gov/about/disclaimer"", ""https://www.utah.gov/support/disclaimer.html""]"
VA,Virginia,https://511.vdot.virginia.gov/,Official public Virginia 511 traffic-camera viewer.,https://www.vdot.virginia.gov/news-events/media/,Iteris manages VDOT third-party camera access; API streaming formats or integrated portal supplied after an organization/company user agreement.,"Explicitly free for internal use or free public distribution; resale available for a monthly fee, under a user agreement.",Use official portal link now; approved free-distribution/internal-use API onboarding via Iteris.,,Free qualifying use; resale paid monthly. Request access via 511_videosubscription@iteris.com with organization/contact/intended use.,,See notes; no universal live playback assertion,2026-10-03,"Current VDOT media page explicitly separates these licensing tiers. Exact API endpoint, formats, limits and agreement are supplied on request. SmarterRoads is a separate free-account transportation portal and should not be presumed to license this video. VDOT says it does not record camera footage.","[""https://www.vdot.virginia.gov/news-events/media/"", ""https://511.vdot.virginia.gov/"", ""https://smarterroads.vdot.virginia.gov/register"", ""https://smarterroads.vdot.virginia.gov/termsOfService""]"
VT,Vermont,https://www.newengland511.org/cctv,Public camera directory/map; ordinary viewing does not require an account.,,No current official camera API endpoint or developer onboarding verified.,"Unresolved for redistribution: state terms address downloading, storing and using traveler-information feeds, but a current camera-specific redistribution grant was not established.",Official viewer link only; current supported camera API and redistribution permission unverified.,https://www.newengland511.org/Cms/GetFile?id=0690f4fb-680f-ed11-ab23-0231beac5abc.133035771106400000,Public viewing free; optional My511 account for saved cameras/routes. Programmatic access price/account requirements unverified.,,See notes; no universal live playback assertion,2026-10-03,"Shared Maine/NH/VT portal. State-specific terms say data is as-is, access may be terminated, and transaction limits may change. No published fixed polling limit located.","[""https://www.newengland511.org/cctv"", ""https://www.newengland511.org/about/faq"", ""https://www.newengland511.org/Cms/GetFile?id=0690f4fb-680f-ed11-ab23-0231beac5abc.133035771106400000"", ""https://vtrans.vermont.gov/operations/rwis""]"
WA,Washington,https://wsdot.com/travel/real-time/map/,official_public_camera_service_confirmed,https://www.wsdot.wa.gov/traffic/api/HighwayCameras/kml.aspx,Officially linked no-key KML/RSS and ArcGIS verified1706 records; REST access-code signup separate.,third_party_api_invited; full_image_reuse_terms_unverified,Needs camera-media use clarification/owner-aware inventory; no-key feed availability alone not unqualified public-media clearance.,,Access code email signup for API; pricing not stated; ArcGIS layer public.,ArcGIS camera images approximately5min; quota not verified.,official_documentation_or_page; no live camera playback verification,2026-10-03T21:18:00Z,"Official API gateway for third parties includes camera REST/KML/RSS; access code obtained via email signup. Public ArcGIS Cameras layer also documented. Do not infer unrestricted commercial image reuse from availability. No signup performed. Follow-on verified1706 entries. KML/RSS omit owners, while keyed REST documents CameraOwner/OwnerURL. Copyright policy and partner content prevent unqualified media clearance; technical feed access itself is supported.","[""https://www.wsdot.wa.gov/traffic/api/"", ""https://wsdot.wa.gov/traffic/api/HighwayCameras/HighwayCamerasREST.svc/Help"", ""https://data.wsdot.wa.gov/arcgis/rest/services/TravelInformation/TravelInfoCamerasWeather/FeatureServer/0""]"
WI,Wisconsin,https://511wi.gov/cctv,Official 511WI public camera images and live video.,https://511wi.gov/api/v2/get/cameras,Documented JSON/XML API; key required after account and use-case approval. Limit 10 calls per 60 seconds. Current docs link v2; older getcameras docs also remain indexed.,Explicit written WisDOT consent required BEFORE any commercial or public third-party use of data/video. API availability alone is not approval.,Link out until explicit written WisDOT permission and API key approval.,https://511wi.gov/Cms/GetFile?id=60dc61b7-2bf0-ed11-abd6-06b534637530.133282862079100000,Public viewer available; API account/application required. No API fee stated in pages or reviewed agreement; do not assert unconditional free commercial access.,,See notes; no universal live playback assertion,2026-10-03,"Developer agreement DOCX was downloaded and text inspected. WisDOT retains copyright; requires prominent unaltered attribution/logo or caption plus copyright notice, and forbids alteration. May demand a 511WI link and terminate sharing. Agreement version 2022-11-07, linked from current API page.","[""https://511wi.gov/developers/doc"", ""https://511wi.gov/developers/resources"", ""https://511wi.gov/help/endpoint/cameras"", ""https://511wi.gov/Cms/GetFile?id=60dc61b7-2bf0-ed11-abd6-06b534637530.133282862079100000""]"
WV,West Virginia,https://wv511.org/CameraListing.aspx,Public WV511 live streaming traffic cameras; FAQ documents map/list access.,,No current official public camera API documentation verified.,Redistribution permission not verified.,Official viewer link only; current supported camera API and redistribution permission unverified.,,WV511 is described as a free public resource; no account needed for viewing. Feed cost/key requirements unknown.,,See notes; no universal live playback assertion,2026-10-03,Camera links are browsable by route. The FAQ specifically confirms live feeds; it does not confer third-party API or redistribution access.,"[""https://wv511.org/CameraListing.aspx"", ""https://www.wv511.org/faq.aspx"", ""https://wv511.org/NetworkCoverage/usingWebsite.aspx""]"
WY,Wyoming,https://www.wyoroad.info/Highway/webcameras/webcameras.html,official_public_camera_service_confirmed,,public_camera_pages; gis_inventory_candidate,unverified,needs_supported_feed_and_permission,,Public viewer: no payment apparent. Feed cost/account not verified.,,official_documentation_or_page; no live camera playback verification,2026-10-03T21:18:00Z,"WYDOT statewide/by-route public webcam pages. ArcGIS Live View Cameras Updates exists but looks infrastructure-planning-related, not verified playable feed; do not treat as production camera catalog.","[""https://www.wyoroad.info/Highway/webcameras/webcameras.html"", ""https://gisservices.wyoroad.info/arcgis/rest/services/Live_View_Cameras_Updates/MapServer""]"
